CREATE DATABASE  IF NOT EXISTS `simanga` /*!40100 DEFAULT CHARACTER SET utf8 */;
USE `simanga`;
-- MySQL dump 10.13  Distrib 5.5.16, for Win32 (x86)
--
-- Host: localhost    Database: simanga
-- ------------------------------------------------------
-- Server version	5.5.21

/*!40101 SET @OLD_CHARACTER_SET_CLIENT=@@CHARACTER_SET_CLIENT */;
/*!40101 SET @OLD_CHARACTER_SET_RESULTS=@@CHARACTER_SET_RESULTS */;
/*!40101 SET @OLD_COLLATION_CONNECTION=@@COLLATION_CONNECTION */;
/*!40101 SET NAMES utf8 */;
/*!40103 SET @OLD_TIME_ZONE=@@TIME_ZONE */;
/*!40103 SET TIME_ZONE='+00:00' */;
/*!40014 SET @OLD_UNIQUE_CHECKS=@@UNIQUE_CHECKS, UNIQUE_CHECKS=0 */;
/*!40014 SET @OLD_FOREIGN_KEY_CHECKS=@@FOREIGN_KEY_CHECKS, FOREIGN_KEY_CHECKS=0 */;
/*!40101 SET @OLD_SQL_MODE=@@SQL_MODE, SQL_MODE='NO_AUTO_VALUE_ON_ZERO' */;
/*!40111 SET @OLD_SQL_NOTES=@@SQL_NOTES, SQL_NOTES=0 */;

--
-- Table structure for table `arquivo`
--

DROP TABLE IF EXISTS `arquivo`;
/*!40101 SET @saved_cs_client     = @@character_set_client */;
/*!40101 SET character_set_client = utf8 */;
CREATE TABLE `arquivo` (
  `id` int(11) NOT NULL AUTO_INCREMENT,
  `name` varchar(45) NOT NULL,
  `type` varchar(45) NOT NULL,
  `size` int(11) NOT NULL,
  `content` mediumblob NOT NULL,
  `emissao` date DEFAULT NULL,
  `garantia` int(11) DEFAULT NULL,
  PRIMARY KEY (`id`)
) ENGINE=InnoDB AUTO_INCREMENT=3 DEFAULT CHARSET=utf8;
/*!40101 SET character_set_client = @saved_cs_client */;

--
-- Dumping data for table `arquivo`
--

LOCK TABLES `arquivo` WRITE;
/*!40000 ALTER TABLE `arquivo` DISABLE KEYS */;
INSERT INTO `arquivo` VALUES (2,'Instrucoes_SPED_ISO.pdf','0',52284,'%PDF-1.4\n%äüöß\n2 0 obj\n<</Length 3 0 R/Filter/FlateDecode>>\nstream\nxWˮF+`wȑF`CZt@AwMtQw/_d)v !9ǸTkTW]O_Uǡ	jۚTTLPVo_pv輫]3\0=~o#}/PpyAz{]Gz9V\nIob\\%\0#ԪT \n^}\"$,AYST+?R(&ͲZ4QD\r8|^`䓆f\0=@pq%ԿaHKjl{<9Lǟz<\'\n_8༄ŀ0*@g`](xsw7\n&ԹMAN[AoHGñ%K4z!gZMI5;jODxT22m2Hq`51;#ta`!s\'aC۰rtS%`$[)o=ݥ͉}g2cI	r>OYN)+5D-#/=:D%OAeAtXٞ\"uY!G\Zͪm:zOg\'d\"Hgv7B/\'**.M9#\neZ\r2+=K(iL9LlCGG|3qr1)	IKN)JvI\na\\YBQhi}hDS߰浦4~6 <#@\0B#n$&SHQPIFwYvU&e>҅.;yjɱ\rlEj43^w!eRzIb\"PT`R;\ZW|9A.ML.Kzcsu];;\rq&{gV/x߆u_I6r%mMoVwuLW$CdޮuVDk|:GYExT^KN1\rNs9d\'znk?5>دG=Eg*\'~J(_GЕ\'cc&A`7:Xj#ŮGFǩ:W4KڈS1 &,ضG_ǥOOvcBV1R/a>!7dm\",\0sT5@=n]՞^b)yosQp ;ĳʱy#VӮ=yjd%hq̵#u?%%8uP)G*f	&\ZOWo\ZVXx\"sI<htIX-6Z\"3 Kxc;\0vRj\'̼\0,yEu\n|=Wdbqe(Վ,Rs+t[[k}||}:|<f8U\nendstream\nendobj\n\n3 0 obj\n1307\nendobj\n\n5 0 obj\n<</Length 6 0 R/Filter/FlateDecode/Length1 42168>>\nstream\nxܼy|U?|Ω޻z߻zNw\'ݝC Y([ƄEAI\"0\"qA$d7t\\e\07:,::ýxǁtsĹ}?T9z|<7^`\0P@Z~3~\0\0M7m{݄g`Zٻ{\0TOܴj敧K[\0\\g\\wUa-q{q/_~s+~ո}\rKoV2	n7.%?1\ZUJ\0R{ߴa\09]GV\0 ^ȟW(QJZ\rdXmvx}h<,K3\\P3v*s?^\0?^=ԃ\rz/1kX~,e\'ob @Mp\n4gt3Ѓ@4 \0&`>׀~8}\ZA/x?Rz}p@\Zg$L\'? :p#?f\"`&0O/2~\nv9zp|-`c`;O3x:|;=G)a0KoSxd|9_(~H	0t\ZsP[`6s 8a9#;|l7x?(8\r[`\'<ߠa2źq˸u :p73.>?\nPh\n8\r~GL8^nCE	\Z\\`<GMOx?`0\rmy޻(#xy-\\x5\\wÇ~H@}/0{akl+E`50{\0\0\r0MA\rxzN/1w?+^,沙\n6܇|H)<5OuRPR?~N/пef3KإoP~E@@柕\nn~/ޯ{s<\0\nko\\ޏ= |\0\r \n%*QGMhڎi>P˩m\0^Rǩi@8SY.9;l.SX|sEPt.Q͸!PR;p/`|/cN<~7r_\"`w@sCZ	g^xYe)\\Wew;]><]x//xyÿB9\"(\nMLԆ*/m#:N)3ʨT>&kK\ZI:MU/苌idV3{7nEN@qQ!\'KmgfǕ!V?}kVob,-0h>%x[8H֎jBÅuL\rO3mѧ0JSH!h+}\'\rA[)NWA\ra_\0>|\Zt9\"X]Li~MQ\"<ƨ3Lѵ\0_;}`^p@xzAZ<ZH%_SjI\nyzEqCQ``_܈%AֈW8#/_!||$WB\Z,\r*Ĩz:>\0W`om6X؍?y,Y@&G12`݅\0(1m\0b.=wZܿI:{cdW<Q$\rށl}弝:j։o5㏀z<vW9t?9~\rXi;NI9o÷>܅q{-ƣtGӘ uLeX7tE\\tx\Zjq?T0a=<#IRݴSj\nU\\<N%X4ŀ}^tm:FR\nFaq֬2K3]M_?gO~\\/gJ3gBeIQ #pU~_V>$u.ѱ=|pӦՃ=\rv5z:uYVkpUkv0Ork#N\rĆa@z0L\Zn-eaX\\\\6Æ|\n3fkۀ]{G8\']!XzM0<Ømo9onqQ75XÓ~xUWȶcz$lgp;~ OރSɞa8C\\=x}0zpNF~p~(׹Υ\r0xNw~HY0g,0Qꮬ\\w\\O\'/1;yܓS5\\W\rW_\'W\rfXU3~	q\"?w_{NQR%\\rp\"1a>N4,r<.0@;Κ4& 5\"e1<pUG̓e#@J\':Q9rju920y=\"eo:_7p6sah8|]x<|`m[U:^}D\r`!L\"fw	5kzfaQ}6wPnY!7%\n5L\ZZr/:,|03TE#Ure4\\z{_vèeA׎5a\Zl#DOPT`ocnjXS:/3fAa_FaE=^{jTAT*q(*^	ڱڹ܅ֱZP%)F5%:uIbEl-1!PN3]Qa߇~x\Z*;ɳƺjZJ01cbư|	<[rsJR`6nF	^#~)_Q\0]C**qj@wsylH9:4ޒ46{@Rv9sc.u\nDw?\nӌHX5PX͖VTV.~]z\"Yr\"VܹVÛP@\'C!6_:8o6bZx6wa]iƭ=Ľ1Mܣ=ַo{)FX+ǇJ\r\0w.8Q^Q\r(=m&L7eL1GOI$B^~H=*. CW_⋮VBcHQ,y\\>Y>g!tYk/ns!H$ YAW~f<mrBز1مAL(Uqm[	(BUM:Bk*~گy`9pzZ~xPr+STvAa59v{^H(O\\&Rry$V͇K]nU.G8sNg͆&nM4,X:|Vq}z~аaqnq		U	;p?;gOO|_\Z}җTZCyTz[e6%bJin->s>\'`,^#$֓~-ς}`{\0{S#Urj)*gSR5dAm>AKz^ҷ)sA\"]NXרōr]2o/`ݡO%[;)Gbp;?;oղQ_WbXb[|eUeB[ƈQ5)ˊ8DAkاW7~9m\r̷k.>zUL(Dd7ԡ	o0$HD	$ [5tjc{ho!Rdwy~T8#\\*\Z.\n)LjqdM75@\'i;7s \nIFz[)\n\n\"ɸ7Z\'HYk˥)Y	8W%z]kvjB,A\nJڗ::RI0FG\"_ L}ꖋN<P\nQS`*`q=AD,2;{f8)\0\0Ox@_?]!Al/XТ\n<0q\'ܚ{ōE_W{W?2v?FjjiLɁGZX+4C@wIe9 *Eylîb61`@x4|ĨLб-8z<A!Y4:$o?r~<:ٴȴ˿ϋ`Sǫ#T#B+	apZ8+tJ4RޑX\nMo9~6n-Ҧ9Yo^0)u>t@d:@)xEF!)E}&Ѽuo\\_?Dntr_9S<S]]\rvqO$\"76u @0W\0&:aTqFV<Gh&LQE5>O |q˓S|F(N[1\'w.[78n\rM~_\'XLd	<Ri\n\0zJa\ZR5Y{U;\rYTo䇳\\Rc	$L6\ZJ4<MtKôSS\'iշH$$2ׂŇهll\n\0W)LW}Es#\":Z7*d%B0\ny\"l4Xx.T`qͬxƪMn-ч-ɸmTlQoo1bQvuţ*<ƫa<NN|6$Kn$nzwۻ[VmXzۚԡ;}3wۗ7O{돋o!-RM^<\"|{\'ߛ3er}\0<\ZT*m1a2H@,61Y|Rby$>=+o\0\"˺\rWmAvH	РUS#Uzq=p1.b\'T[.֓{v}	<+[A%$NJAqy`%Rퟮ>\"Vx*`BE2+e$rN싄Z6|FqYʪ7o[S,M1@KٲE~\'\rm}w]6;f%ӆGgs/H@4mǺ\'L5P\rYv-\reۄ!OOk.Sq\nE(/>vRJ~ѷ&9e1Qd՜GGwO@NEcd0r0\'VOON.kjJe]]˥d!=zN߭՟ҟ+IJA%ꗅѪ]eX[;_[7f,t\'-!k8dz@$&@؏W7l|G$/XPŚg=ip9qoMGMg63@ Fųjwڗn0W?cFZy,s?`ws({ ۃH\" KEEN.kJeYT!RNW,\nt\'4hZ*\n\0٤RAU\"^\'dSkZStHC6L*krC=^ǐc㼃q|G6	/F	M\nJ_j?mFKe\nc)>ŧLk,^OUꡅǧ1~av\\Pwb;>SlЉ>0	賓@mo@\\R\\ږ]i˱;?8-w=dȱm>hvSKN/9fҿyN\\Y6RhvgWLlQ)B\"Cc֑R`/t(z\n#1 @>@	%>S a6n<+\\:i\'lw8UKVP*xU2ih}`Je$332T&_HQ?\n^+;\nۢSQ:_Y\"-ُ,R-~	66h޵Q6=u<CS(Dӛ#q|%flȩĆ	sGq>X~lò&GlѮ:nW|6h;^|W8# Йi,0̏dF*. eQMc0	*ʳrJ1=Nᅡ|+f:Le<NaDyE\Z7>=)oaKsRB<FitM_bW^zB\'6WjD\"a?	`DS<g*7M(0&M%-ca>\'L2bɋ|諈%_mBCŕ-_wS\n2$n~뙆I|j럸1vhm^ѐk1[G:S_V=oIBewŬށpbYbTޫ?P-kюM[.ѿenv2ifl6Zim8F=BRF}Gz\"TkYY<R|(BQYׄ( r:\noRWk\ZUChp|ҐttMv\rͰf)i~s[Iađfs{Fy=@Hc/ΈytdFbaWVV$O-76D_M6%=Uκ\r-ԃc1}ow\0^ᆡ+ vn\nazy	f<-o@	I;hV80!Ƙ~þHPkFA1@4	NîV@	?<xxOa_{buc7e2K%ĦVN\rE+(8UrAqd-˘u3Mщ.D\rԡ>lĮ-ΞSƉv|T)vbTh^\"ӼJhjʔ0m[w]]ydhg3G7Hu;JA`6lQηT̞HJ]u.aNuסejSЍmjfWQMA++<m\"	oz/AɘvwPi6rǆYfjZT{PY>HkRYVe_@,C-·ViQ=`\r~M`ӅrVx`)YB~Z!&ԅфlX\']Z\"ra\\7W\'6Ո]Hy1NȘ+BT+Bk\n<0z`2:ST+s<4&\0(j=3ke-n\"HQ;S]8Rg]Xe}\ZFܳ\r&q}#ZR4x`h\\\ZVUj\\q¥A_	B\ndUUVVs%\'>i\'Sl%*Wf\r_ͫQ:J2wǤ8wey\r|$ְz]7w\\__pΕ@&U+[8Hl/}~[֙)&x9	\n}\\pD*ד҇ҧҬH#ŭ,;|J=SP(\\|=>@<xYtlku~?Ϟ`ׄvgnz#/I+qOdOi@#he7Y{lC6o!gv1B)_WԧKM<.ѧ;#+PXî87Q68D`w5	hq\'4د/{xW1.MЏ>f\Z04)EtGuKV5M,\'^Ó2̿\r?h-O~CfHcfFRf1X	q};ru0/?`Kds=gg?p} kFП\ZVUy9RJn粒/W!Qq{s\rNׇoX:C\n*.ETEc9v8GFFp5`OMo@\Z+h&#\n4@k|,akh9(z؞&Mܽ\r\"[w)v۝Iς:;[%8& $\'A*NfT ϫlnC(	axE5yAusyI.%?վy	u\Z&O#7giJ;u!OCzx2j^\0X\n`\";J௫DvKr8UK2d5-c*GeD[\'isbწt#\"P6u0͖gg,Rw,3L*B@*|BhS\\6HɼN?/\0&I\ZNEHWUdXRGkZ:p棱삐K恚^[Ǿ.<o\\Ѿk=Í^͸fu\'*~jmB2t\'\r,[wGl׻sKil)ΣxQ4u;=>8ykO&y\n~ysJ9|藑\"w/rnSam_Xb!R*VD*vh̿F\Z~]@&%)1*{bܩz<!Q*{\n{&4S柏櫖~ӼӹijX#gtV{AmQf!`Og0K[iجfSmfg=cV>b)DYI4T5k2O`m؉`(aF9Dn%)%%~R|^oN3E%%SFOf(y=6*LL jkֱ>*v1>~c!Mz+ֺi@>6`GY5\0,qłV*+$-@w.hK-u[^Ur΂7txkӬݣ*DDѐ+v,^g>pl<pDS~a[,;ᇟAk:^1~-rJ%TIgL)ISHba.?=d,%b=@VaȎ@^ځ;o~#01qӤTJX5Fk=Y;3@RS*£N8P6c:co5.lNenIޭ? ~B}Ɣ>*A?L˳#tIƸ|s]s.\"u\ZRx9\0L(κn1I-/dҠ 4$:BY$Mz\rC0+%gLPP|$A?2i~_pڸY,td*asѬsZ%@ǎwP:EӐOVN>09lՖr4yh~-`,⛫._p_/Filr>bJ}pG<C=G}eڮNɓ5&-O2]$F`΂*,@I]@xuEܩ.𮤼b<`\\8X{7s^ҽ&~MO3(N#78/t9:|^FyWPQe$&0`N-#1I4$oi!~W7_\'X:A]ָhiee5kLZPߺ:\ZK\\=>μ\n=j7$^sp=xh@B\0I$TWIunܧ:B뷐X\ndz\'tE4=>MyJK侖D\r?tHӵn؍Pwqu\'Nvt6m[ۭQ8YN)knBP+]jY?䱓J{ i&hi73$R4,gx^9ߝԺ.tH⮍#7Px%Ӊr3\'4fD\";Tg4cDhHuĿYuS=FQU;Ţ˖gՂmͬuZ¾Zl.:$$hmHeMJ妻nW[=7h667z}tofn],geu9]ޛ4L2X,;\rNCutƙeajnj~nV|fn00C?rgyw|||Wg5kr䯩\\\\4Y㎉\ZfJ,So7>>ޓ9>}#ĩ5j7X܇RAOb\"{~wK䜏Y؍-Z>J.\"@-ĨEBA\'&-%.m|݈!o<d<c#hK*r_\nkj<E-\r\nT&u*E^M\0djWp/e  NBf	1}Y̰hXTeA@xfpS]6p,4cIeZ%PUdT2.׬ԭ\'0L؊1R Eg,^K1TH||6P1P	o\"`Jġ^^ĴO_WrzPqloVDOk\\mw	jfm1cۮmٺz쌊/f]+V&}*:ٌ9\n`L5!H)PJ	\r>* ZGi):J%ɂW+:*fTaf̒1ώNQ)ZNA!Ȋm\\_)7=haX(\r\n!OXUk\n!)@\\en7[ҩAф7qX2wŐ0Q\0lr`DB^9`?eۋ_7{ͅW\rjy溣L_\no|xCg_rwŗ۳	^1J=xT#L%NIR84\0!RkⴸDU@-yS;yW1ygY9[ՠnt4:g(PQ}{_SΧ\\ܯa[%IS_p\\tS<דDyJ̙2)X*F$\'g\na?enogwT5ʜ:(8%|bQtpRUYdvX|f}6L#wKI;ΌJmQn+R⚜O+-h6a{\r(\\Ncz%S\ZrzjFU&NR+O([U΍.\n`ʩ&Hy\"Oy:5|85Y<n0\\95؉q5J~h),QL!W$6ta_e Q$15oaᓗp\njlYl-I8Pm.(yl.Ufd 5fZY`	,R`Ʉry\"1{ە\ZډE_Oآ~c`(̋骽zA\nF_ӥ4R>\0=,g-,bbZ)B&<<><fl$O6\r:DGA) K#u&];8cE_Rv?&r8_oDQ`C+p1|x5yr!ɐ8a₌@:cyj1eEٿ%匄0<\'\raٿjp[z ;\\397k.^ꏇB9뮁dƚ2EAӝQXtuB^|t@UW+&0\',φPD̗t/c&\\\"4(cUR!U64s\"6ɄZU;<㰫;vg\n<G`^2TR`u\nV\rW*ֺhzpk{+\ZhjEkED,\\kOGZ|TxvI@)qyf1Εڹ5R:uē&4v\\Ns&YAAA-vg>4\"\'M\0tAlɩ.3ebbFΚ`YWSw8[B@0.պ}MZ5OjY_;!kMS|NAɶ2\'IpLWݷ,i!ovyg7%giŖkSxg0h\Z+ɪuq;tOY\0}$)8\'2ibl`:]^iʑR)LA݊v;{}Ⱦjc>9\0c>EDDt>K\0V0Nܦ4ӓv-j経RR]WdؑZ`?:I\'ž,ե\\z5B#sr>%=>//6n\'ǟpA&H\nUy])ўJO(xHPs:A?=68.UcZ6HDѲs}fh&!/`ÓJ%Xh?C{ycd~N6IH-Lti!>L՘r4L)yEJ4Q[xr6.)W+Dms3DB.\n-&DGaǨRˠ	vCnM^#\\m(:kL߭o%&\"0,&S 0PRAv)M*\nlqisN(ncpl<A)nѥOMRdO Ǆ&TRn80`A%_x~Qi:P0fS7XlZ7m1=_LB_$zaLC|hQD$OTLn8,@T? \nT@΂Y6\nD,$}t9\0A	Qפg9\r{P{\Z~@4OX\rem))̜K,?w\r^lQ\Zf/}2(L>,c J&´X\'m\"\r\n\'A,84<s#@A2\0|1X;F݅43TGEXI\r[Gp (_0$dbW6sa?̈́Io6wS;gL(\'!am\0NĺC*1`1#rv]nHGͰ:~dp+6	9PHHs9<)\r)]j8\ZG[~ZSE߫p3wl:}d$|Wwa8ec]/?;<q=4eo(,WQŉŅjjcO3ucѱWdnK)p%yu5>!Cxz>U}J(`{uOu/%UcKIe1_9fQ¥$|$5=7@>R	7IFNtUCj8u/Uj9ǥ(*CeqeNe=UٮY(!w8=UXvC-61J2k]n^ӬR7dʯo5SEwYzhb[q5Wa\"$76<|m:VZ߬^HM-ͧb>D\Z_hot8^7m:5g#Xw}oBDb,6S\'MHK))p%N#}wNIMiI.I^o>yrqs.3/U̔lgn]Lfl}:I\"B[\Z)W	+;,bS!WCjԣPRSx$+U7Ϸ\Z 49#Q*EJJ$s߉\'sp<Sram8ʳ<L&a&uy|rtߞBYdl)-29Yɔ\0=+<sw5}>\\Z*br9y+]uԑIBףo\Zʊ^BЦ)_A-8ۊϯk:<˾ĉdGR]o@JE]i5%D[2N,ieR]:~b}}c@zK,ʜ5\\/%j*n!߹^2En\0r?0;7~\ncLrvZXfN+[kHmuY\n{kXl8ЭVAZF~=rЈNI,2\\W蘱%VքG]r,;9P$b5un<lS*6nN]%3S@)K<O~?G#C\"KH}	&U[d\\W\n!6=)\'Qp7P;ٻ\rwMͻҼmf\Zvڃ6@9:4$QX\r?$ O#cj\'߸,V^6dUTscg|]鶍uIk̡gܢ3P놩	S(EQl.P\nNzAE>bȜKVTlW 1)J*aqUASNTJS=ӴZZƹҵܽ:yrzf-ɝGG\\\'^s)DJH$q58NIVLD}Jrej>!HD_wh2KZTłאs*%n5<>OWWN[Tmnڪ$7;	ɺ$J:oV[uu	ӥKQ~.ǚam\".	_~rZe#\Z?Gh\n7n$pD_	g~fdUSTeBT^| 89{z0F\Z🱨IхBC]q=\rxfֹD-%QC0`a\n3$yu*H!|d\rY[Ko.rɬ(ҳrJ SSxM %5\\JM3(f<\ZۃH8렁CrMnp\rTp?\0J+q]\Z`{\0/I\rBQ)XNƧϖLz=i6Ða68\'Q6Fq%W ^Rft\Z쪝͂\"ꩶِ+4ѓwWP([>?y$~;`tԜC\'|6[ege^\\b_X``zBmAA;>8IiZv2n{ʮqh9LNnu8Ңu*t1\n/4ՒJE\0 Y#TVrksr\"I*	wQxf67o3\0`%_x)E#2JGn:zEJcqssEW<HHrsX_Dr8}\0`)I	XY`eMl؝^t.W>2~9\r.[n;_ZԱj\'B<Zp	?{D[ 1cV[jT7iZ*UǤ\\OYU-\'\'SoΈgBK%iH;[F90=*wb8}ǼR\".}B.i1ѐLa<NGP;~o;TǺmGGZS9êlKu32;\'~r2G.9B-dΐ|g/6Њ \nA!$\n&2˖AMdTR2yɳg%KP?&[KW;f:@ӂe|Dtͺt·o[@CěT2u\num-tڻVm{a\ZI66\Zu0V\"TZZx$RIѬB~Խ\0\n$*Bdh~Ҡ+%Je>fu𐬓ʠX:WHH_<B$8}B4c=ƫ~ChBfqǟ{mb^\\9@q^X7AeɯEP!?MCSooM{/}ͣZ/z61=;Рkꀊ܃PeIͮERyS4/u޻(\'Y4#X=\rc~E(=\"|yCOn\"x!8	;J~XPGfs%S\n+)1Ojr9D\Z\\լכVz^/Cr!+t)\'hhHm[\\	Uo_tU7m޲>%\"֍H3s?{y\'o{5e,2.4?`ToTmR߬CaӐBAzmUF%:Nw+!maA}Q`8jALDV.H鸳D_|!~3kv2R6~d\\8IOHez|0tJĢϹAkAuxe p9hSWaHؘ3+YѤM\r}sOW]K_{\0\Zv짦Mًv޳5Yҵ=?pVcaǼ?H?	_HU=g8y9s6\\U۔TvrJB w\'Q)~[\nnù7IH,C04+L ǫTT*.cXݔ:Lu[rqSy<\\ ܛ;{sc_tu՟c4EQ3F?a0]Q $ddd/YTe\'~|Z(A)B!t\\VgMnY&m5Dيu\ZDLm(F{hq∝OOZ<srv_4Tv+qash\Zs?Fƫ%`P	a </aP=T/:K);\\!JiuJ\"aE3.d{ZlM\0*W3g;0y6]-\'i@^Jw\\<i/CVOGWFW\'8%	mYC.,w\'s\\˄[>6_-u_	î\'|&؞u^M|e7n6?b~rg^>c#=nDW:M\Z1M@Vw߯\'q\ZD=p\0,\\YۭurW}rkomUW{,K#:GdK-;QPI,\"$1%M(%\Z&}@ƖC:Isf:%m?Z-RhSܵ9$P:s^g^{x*.Xe7SZ᪨\nHNHo$;D)98h:~m-mkluӲooX{oC#ynOilw[m1_nQv]n_o9p/~=pӕWէ̸-aNXAVwEIk<7OJ2T	k>7nP_STQՊھZ3]\rn趸67ll>>9={0Zθx~gy.FB6=\ZڊMMvNvQaaC7eʪqnjdRaNGHMl(5Za\'pkmʁ`v:Nuy=e^FwCN_m6{.3Nf/zVo\\4,}VY9xd!lXA	pZ$po;Ko\'nX,=4{ 1%LqS`Uˀo_djӪof7){0X}ZH=).P4`z~qJE,ꪂpgzsJ@Qq-9े zyֻp㛸a`|o\ZZ\'*!mViy!J	\rdM6\ntHtKS\ZH׿o_xIZ|*/W,01*gGxǉFUȷ/o(衵wְ\"@O}Lw[e\r~]_q/f}ح.>}w\n[OR<6E}\rYmP\\b~Dc\Z,zђGc9oWXF#B̒&G9o\n!=g~{7%kCX/v7SY­nſh-;vːrZv]myǢ~Xx^B\"B7Ѭ1Zͥʢ\ZsmwÖ!Pn9L9X;ZBemh3pZn485t]EZbqBH9QJ2J9|4RUg6X,6C;!xcnFA3n3[q腢E\\<☍*?;\\>ji!>o.J=ࣇ|8yz+)ܤfIڷKq.ah	3)hʞ\0[9⓹;pR.;{k`YC)\0~c\r9߈o#S,.6s5Zm){}ua4_H稧>u.<.6;ˍb|Zԟz7?Jj8Q|7l~Rlphyij:pax\\VcV~-UVg|5,Ddw_}4׎gF*QgJu0PS/TY+Q^O.+̀nѝ]񺐘tr\\tR<pa!\06r^ReeL[ܝ϶L^5Xo7V۽J;%60ٝW^VߩGH\rL\'\rOZTStZ{?=Umҙ</hA^.	p5րE/9^s]6Zev+K닋pjdkeZVLAP+o&*7	*3ji_WQijiޤ:z]/ztȧ&H\\o!^\0ٞXxnavNVV`MRNGKt*XyX5UdM\rXeURGT/.Kgy-ޞ\nէFxUϫx#2Ӣ\noUjn5i,#fjA`>L9S17`)iM-|EϸV}ErDلz Qpbn,_S^q߱eg.I]XO/r!-[!`O=\01ȵWU2Dz̯J VOjfٿx[^J:\"lwS;=o3SnOB*GÓˏm\n~Wڝm,I_+z\\WU\'[sNϒ\n2l+W_zJ*YWBN\rrʠQ09(ؾ9C<xm2M|VktлnхMuGJM2ի6Gg	{-/7v[z1uE_zK..MV\r^+u,t]wSfVskdP\nO\0U*B \0=ww2>D2(|!VHVʿb\r\'Qx]#Ɛ,\n&@|		`@\ru|xerP	Qe	Co%=}OnM)`z*SQߘ_>eiI􍲙V5^\\I**QV_U_׵ok㝺Nɵvvg<[ٕ\'W.(\0I_6vL~w!*Zy8[*X^FUp\rMmבz\n\'Rpz\'IJ#/\"c4+x1Ͳc-usDkRp\n+YRp\rZ)Ĭ3\n#%\n\'JZ(I)k\n_Y]SM#\n^L|W@B٭WE5װfkY:0\\6+8بr*\n6WF(8بTFU\n6ڪ`j{lTc5(8بs\n6`#\rخf-+^epe&^V10Wdxea4O2\\`3w1o1|%_`x3Nuu\"3ьC\Z&I\"1\"aE$o%	$Pd\00QF!BJ\0b$d\"h+qUVҬ`m,J eA+Rd?#J&YHA<hH=(uM6U7t(zEM(\'9i1gRrɭ|ά6@$}Tq{ڈB&9_c(\\w\"ȉkOXV1fWI5dP#C	eJ{RIwnI5^7f&CR=Xkd.>?d	}t5+%%ełtH1퉬-Jy㼵Z\\c7(4!7Z2a\ZfXJ0LMPhF\0LCn$&W\\ǖx!$ki&\r1%6\r3̈́lyVgz\neOe}\"2IL/\rGxIe\'r~K5,(H\Z/(eD8~3CYGrZkUl_Rw`}z`}LnF9_\'\n~)!5.\\Y_,Ӱ).9x!+l39̛1rIc%Ҭ1&CJ)e֥J=./#zȼR;ƺX1e1馕gX+sb9[~Vl3	ed]aZdݧ*k50pAOY:Vs@FI,C#̿ˬbczb	_dzei(t\0|lX>eia	P.<J[u*̑B5N1KZA/^`mT=ݐ2!~;C(1,waKƂfE[E+˾.\nyy4d {V\\bRHlN=|X\r{~eewTzK35ٔ2b_.rO\ZSzJ(BIF|2XFQ2K5%%zŵ5G>*BlJ	yBbFPHyN	0$J2FQ\\T|1?/ǎӴ<˳jyBS:o%ﯩ5We ?-R&V^AgƑD=\\K{R%e˽*h܇ޯE~sK/i<ӄUW u9cl-Q\\wg(qX?O2.-e.^?[,t\"i|m\rae6-HRf=yxX3\rTÙzHm|+6^5AzV]9k!Yud-Q  lόWX(,OC5Od IܔH%P&X\'v2?CԂD,)i\'VXLȤRZJ\"CI)-nP|4R\n6\\-*vJ4V[&zFéD:1^EeA:tP*&C}bb})h:# 1(2b8UxDbiij|Nx*^$]T4>e`fq0Ǥi!M\'Mh8H}TDg@ۆ&iE$1X4ΈdR\n)2\"9,ƾD<-KSd()1aj\"\Zq*#R::\">QɈΎ; ClZIIL%䇊Jb8\0pXJǲ1&NILi@ƣPLȭOS,q f)u\Z@hJ\n3CN_0@} QK%`Q3#4RBL%PTPDl?Zb,)l>\\^ u,mA	࠹ug ʦ䀔JJl@,DQYb\"әi0mx\"\nAYhVO(J\"LBvHwXƢi8T43!\' Kbr\ZH`lZDb_	4\ZKi+R$d$YH,M\'ci91_JeVD&255TiLZ&3Ф2ɠS#}NI1DVd[PMC=b_Ϧmb[\r&;0h:]*\nMmM\'X2φeieŁ<4$TOb!0Vb4\r	#t\\Q2]4jYIKeT\\XJ\\PK\n(<$ŲlH	Rfiiz$|+MHNI)\"h}|\rE\"QSlNh-K**_3򘌞S0@gGcduOK`(1}-6{!viV\rt+-H)r3D\"5%>pm,)A?U\"bA6ƆǮϖ\\(mT3zB\rHc&5^}5z^Hl]j\ZWMuEC8YNL<-ijy-\\y??pʍ+76Vȍ+76VnlXrccʍ+76Vnl\"b{2Ҳ\"<c×jUT-A_Ve38ȭ3<aRlCޛ_̕smy},ym,#WYMe)\'Hx)2q[/#s+^4$_/Rs_ۥN$PcL)qd#AscB?b̙m7H	3J3s6ҙ EK\0*J8	\"f~LO\'@Vv[\0\0GTd\ZÐAٿG $q%_ZSQ?+ ҫ 4cw~>e8\nZZxaPh`)/c5BNfsDYwiinhi/2@hx{\Z3?\0=zA#9\0N6>u@A~l^vtHo@GXH+\\iN_\\eվb>L>\n2]\0k\0\0T|8j巑I	AAȀK$\0^a$@Czzkzu?y|PGx5>ݰ\ZڢٰAqQ=9QVMP3٫Ijic^cx[4Ղ／G \0$PG ]?0U|	,\0\0\Z@g:3!Ռ/s\0$\\M!\'_/a@C*><pKG&82	.pE\0]\00תаK&ĲܻPy/4lAPRR2qxFS%	wxLw{Su8;T-w1܂GxLud߹T#}}|;>Оklmcqgrʶvs燸М3@@@@͝dOCӐ4PCqPP0Ce<4܆}0\0S,},_?ґJ\0ȗAp@7C:\0F\0\0j\0!\0\0\'TwqO)))hZU.+`(,|D`gYx,to1?b-@8Ll&0AcT4\n &\Z,¦`Gwowp>rЇM\\O{i`jL&\n,eaS.3џo.Ds0+@\'D._s)sWr6Q?N\rWr{P8!\0+wW}>4\n>kZ!M^ԇrMG \\S97\nx{.R\'9\r7)5~8 \"5a.`n9WAԀR>GdU\'䜬5XT\'Y\\LLxc.hN_8\r\'Ps+Av=ϠrM}Z]<ݙ7 \\<GfA3@ɦqi\'}	`cfQsn8	4=bIhNnY6)dF~̝VQVqⴰjw2Qv?˭%Z\r6i3QNڛZQ[֖Jt]Hgt\ZJ鈮3Ⱦ%`QabÐ%䨎3SrLI/8;}f}cnvRa8S2)xPrU}ôw|3vn3vn;l%7[U%ږ}V33_iCJp̖Ag;Dw.3.N\Z.:.	d$͑:$#ut12pӺٺ:yڃD>3q\0^WK\\E2y)\"B͌0fH4vIIf@0ng\'nYaf0E\ZL^p:yOƿ΅^%g^gw\'l3FEq6\"f3|!iE5qvuØrv͒ppPʅngkxzuPצavmºNv/f?ub]XY]7ށݳ:9h1q%y379lzVE`2697Θ\00wbV1$,nrT=KP,lun$*B6a&kci贎ޙͷ=	tv\rߦA˹.88\Z88PgÐ\\r:n.Qwhݱu\Z̸m`Xo,x_w31a&?\Zvw֑0!,pPoC^C\0_oEFtl|\\ڶxpwo@g\r\\jC<?\0;oin >-\"A1þJQݙtc#I˯`=~Oh:K@`Xpp\nendstream\nendobj\n\n6 0 obj\n25865\nendobj\n\n7 0 obj\n<</Type/FontDescriptor/FontName/CAAAAA+TimesNewRomanPSMT\n/Flags 4\n/FontBBox[-568 -306 2027 1006]/ItalicAngle 0\n/Ascent 891\n/Descent -216\n/CapHeight 1006\n/StemV 80\n/FontFile2 5 0 R>>\nendobj\n\n8 0 obj\n<</Length 472/Filter/FlateDecode>>\nstream\nx]M0\n؆xWf8Y\r w^J=$zόO<iuaI;E6C_1FC+휤1-zv?m	맓C0^ӯ<%ezuSz>q{X1_cZSz·vde6MopL96PCdedCރp^sr.\Z.$	o,܀_5xGހȯ{aWk7:#G?G>NrW!_HѫL\\΢%5WxL\Z14_?\rhCCC+5o\\[^VjNҿY\r۵p߼gK\\ҿ:xųC\")3Fw~iF|~p\nendstream\nendobj\n\n9 0 obj\n<</Type/Font/Subtype/TrueType/BaseFont/CAAAAA+TimesNewRomanPSMT\n/FirstChar 0\n/LastChar 57\n/Widths[777 250 333 610 722 722 556 443 500 500 333 277 500 500 333 443\n500 666 443 389 250 277 556 722 500 610 777 277 277 722 722 500\n500 443 500 443 443 500 500 277 500 500 500 500 500 500 610 277\n500 500 500 722 500 333 722 443 443 250 ]\n/FontDescriptor 7 0 R\n/ToUnicode 8 0 R\n>>\nendobj\n\n10 0 obj\n<</Length 11 0 R/Filter/FlateDecode/Length1 37940>>\nstream\nxy|\\ŕ0ZUޤۻV$˒+˒W2c%K-KX.fa1vX^0bI\0a\0Y$N`ީWL`y[ungs42Cb~ջg\n!*BھeXZu\'h:7n~~7BwR.3<AWV4j.Ɍ!×f6s=}mW?rN@us%7YPnHmө\\G}C/0t\',OB/\0T4JZ\rFXmvG@0DcyD!G\rW.gO6w\"4xNNfi&\\<u#\"\ZFjAJ8T\Z.FWeGN:BhjF>T\rJA+}(PED{wѕu܍ڏbrxm5O=))]^lB~xá_CCzzMun^hzBul+$U(ZQڀ\Zp.wԣh-S/NG<6>+\Z>@\"zG@\Zlt\npWL(}>.Ƹs{_qa6mG\'%(	(R~4\rYa~)N z	Zk͙&W\rz\Zt>`y8@?¿ƿz?@ˏ		\nRCRL^9$Ehc	:(P>\\As_)rN͙zP^y;z	j\rrwPyԥ0$Y\\BOk۱KqR|Ym)o\ZWZP\Zj^Fע1[\'4=P3	5kp3ߊ_$Ǹ\nQ[yiE|guNjoD\0}s؋}<ZZ;ex?q.,19Fs9\\>{UPBm2\'s$~*>U:k꾩_NM0*dנ:MAН[C߽;\'G@O\n\r#\nx\rފw%|&H,%4B\\-w	w\ZŨO(T~:h^=g*^T@RhRr\Z ڂهgO@{/ѯx])42\0=X_iE@:VJKUF|7|_oaN$H-Y3j&\'Jr9\'o_ߒp<g\\6r7p;1*Zb&ˊ+(+ە7)yO\'SUUuruzFcgտROibO0Yjv|\"Iv)2!܁8Ktder%W!X^-*z|]P^&;6CrqrJqU:0jGa7/j!r\'ഁ\Z?A^\"KBg=h/J\n]z}?	0vtN\"9Ԩ\\dj.Pire7\'k/\0M8F\'Na\"𢟁=DA}Rh<9Jfr\ZBjNWPm:nUT>\"L\r~Eg8pdB@rrO8-mF0a4oBx6]$N]8ur2/t[L@C DM`uŅ#iBEKSK@j\0N!v{@z\n@~jaa\r!k:AsAo/\0JA+WA5G@r пYA;^BN|?	!ճA1\n4WzTrԌ	Mh!*=\n\0dA\naB9R;LPAij~`54W}QaȁW\"T	kԬ|HŚVΩ(K%X4ߗ],ffѠi5jR\nC\rXuL\r-^Pdh 2cB++&]R))J%řQu@	c0$u+\0|Zal`#\0T]]1*ԏ5lYߺۯՅҺDگhߏ1~~4FԘ\'~ZHG0E:ƚW_\r&\np]{h\n-3YTǺSՍY7B7\rI_pt<\Z7t:.\\3Ƶ}X1經3IhZozW@;w^/]f\0\r׮6.4lo$.;Wȵk׌kK΄J_:TOsZ/ƴi<;9	vZ\nxCkf﷣t7EB~Y@zXq\n-;g(bLh`$kB094HA;@1Pk(=kϥ2#g91 VX<>OYD]41gDqr fmڹI@ @	|Ӹ6@bl5RZ@#7of113Yc8럼NKZr\Z~geJI̼1[\ZKdx940?cq`ao],kuW4>Ţ3a͍:+};9\"JZsw\rvl	\r;[wOΧZo37y\Zn^sP[`тCRs\Zц8S+^ȭQ)_ siaZ\\q&Tud5?\rAqQD HNӢ}Q͂C>)&bEvN!Gȱ^!Cz!Y-`{w^7>uTt5jNpN! :/ޜԉ\0\rXjWe`0Ο!:\"8e%eT4\Z\nZV9,RdU*1*6uHa\n:˺R1>}\r0FPiZW1P5jjA+a}y(sڰ:4PH`\'o=pE_Z7B`<\n_uIש)ԨAU]twb|Zw⣋Nl9畹x\"uݷ@00UHX&H]dWeON0Z{=Z%!8^պ-\'4]Ǜ xD[\00P~(]\Z	~buVb2-|8T][Fp؛7*UEhЇUǇ\rƤć#WyJ+ზ\Z~A4ү\rĐШAPnn]|b1QA\\^BBӤ]?X9P0C@-$ix胼F5>v[5b!fi^J\\bޯDBǎҒ,\'(:g7R[N7Yj7XxuӺmۛۆJωIXXlOzs2xr[bG.]Uj7\\ٓ҄ʘ\rv@MMFD0	o.e]{*V	Y=8m~__\\jR%:T<_zaꦲ{ʸږWN|Ko&*CB[W/-u.)[܉=aTw̿Gqob<=usc~h|bN<[!T^^tV~XKJ5`rxA^uϖryRzJPtT_K욀&(J\\Ms~Úh~5^M[5ǡżdbRrjI&K̋.kukK}ir&>\"~5ћɂE¼:s!Jjk۵G\n\"h\"/1[:Kgۜ[38AdKb(S~$EJQ٬lU*ysskMT?\'N\r·ji\'[>9قjj@D\'?y$JK%J\r_\rr@j̙ɉ\"heA@*|6.E!Ln#P*#e2;җsdI껤©1J*UZB<qC){Kj|=Nnx}%6ӍVDλWlz]\\cu9奋nXWN1G\\K݉+,(ya-m4p>/Br257$n{R@/JeJUФD\\<mf͵{$Ӌ<}~1i`RYkb4/8\\>hus\na6GʞSq$,Nq\\h\0%Y|WR]13\rJKF+,ƋO%A5~5N1	*1` 0$``q<䱙產=*H\nSIh17/U@\\Wpk\\plm{.\'Z`Iɖ	MWSՓjۉ8[@ArLKeq(U`8e?1K,UZQ2Ԕ(cUH\rKKRT,1NEɷpbR`b^ｶb+xKN,ۼ9!t*|}ŹUBn\n_T-_UTW揌{ڢOl񗕞meVLZHe\Zugr]vuDyb-_u8HYd5rۃWsי3kF#\r4E)d!ܐ5sy6r\Z,JG=1KtSY҇!is)g)Cd&>aP؏	.i!(b`lGR4\rS8yw`7\\LWQIqo$,\n`j9W}q9Nʶ}caNW2`h cp rIuĀV(jX9%]Z&۪7	.=i#\nTᏟ9=W{߾o-]\'x\"܄*1+]Em\rp*֚qU\'q>ϒ\npAy~y|cލy7?\Z&eAHx@rRXqNo?/|됇c<(ٜ6+1?RY3!eY1*shWoǷb%>E(c^4Y=Uޘ2k\ZCBq\\\rDɉ&>ID])\0l]`RV[NM`~Ԅ3\n\0nYZjfȄ,Y@EBdr*y9s#GL>d8kD\n>f]<<`~zgTnT?~lD(YX5u{<ݶEV^_?p7\n5OMȈ|	ݭ{-[oѪU>\'qgvb\\ηCK9i\0G f96ʱb\0-i`&6e|<lxY7F#Q5*JN48Y9Nwg%ʭ--9wH_m2!.L^>`պGQ0I\n5VXm4\0W4U8!X˨Z\\+5 Ojnj#ʨh\0\0Td1\"ؘM 6]VyS͗wR!Z:G%qY+\rwX*~\"%M+o<c3V2oYx5	GJXOŹZƓ(w$s{涟ރ<Ӷbyl_cr!ӛy-y1so/b#.ķ/}_ezxDBWֳzf}(\Z6>Z+4ӟj\\}?`ԩ*?\0<_c0h Es4)D,#\"|LjQ1\'	Y`ռE;$OM?\"ӛt6f8݅st{OԄ\ZTiqK37]`\"DebDem7Bb8fǐU̱JmѤߴݺŹ=ԟwi:ƻ<D3-*JL݁\Z6cN\rmzDFY6%BPl63^Sis2#\ZvzJk(ZpM`|%S	g&O_l@w}-U=r\'߷?}^\\P=QP0\Z|pocيhHj\0\rJd+ym5Rc+C!PHRi^GnS!UXTb\n|tXO\\HC˅ \0|w	U\"oISa\nc*T۠ښ8,LqaqA!KeC4`0\rcx,L0	{M4⊹)i\Zh	>2鸉3CM3lI?lpGfeVTWO0w.*tO-Xv|U|߀W$juם||-ɝC2u%mW=;ye\\ͳ8P:bxh6hwr[~\'Ȼ\rEԾ^o\Z4y!>֖c͓$Fy(Okۛ7w4Og2!&|U Jޝ4 YLLxILxYLxYLЭ$uV4O*\'͛U=ƟJ_~YK7*#ד\r*_\"E0sn2:Ch{>\nh|\\\\ٯwkQ>yJJslWlmoVV%a-HvɃtLy0\n}[nn}u۫W/R\'K5*%\'\'\r\\]TV<Җ%3CUK~ěsFχ Az~)fvX5fl*goJ<h-g(T@EK<OU\"lբRfC䫋\\`6Ęrм~n\nmNDQj̉oubTKE_}1\"\nQ	*(\'-\"D%l8#g%%g|e.u^-˨=,C/TMz+FON\0F@6 \0#NOyR_UkІ	T*UsΡ*S6\rX&@q}#f\rf~8h	F@(MPv/_P,쏇BA0M:wS<ԓjWSZw8TA[X;UvPv:bY9TkکS%jN\'ov2X$	\0&?LȊ3!+N3(D)bQ\0?dhxʚ3*kNVD*3.%v\'yJiHwmHKPa`)J2vTF~F`\r5f)-)	/_cL̘_`R	\ZOQ~w\"_X|.X=21yqiQzY;z@w;;T4>ks0:[1ntVaހ\ns\\MJE=ԦMzc6xX@f_I,(,^cs=MM;@Sπ&!Hɓ-\\\r pJ)YBex׿6Gڹ^jmbd#+9YGw㿇־8Ju!\0<^zB\"B4iF[kc޼\\FK7$ܝMnR9`RhS0]h6`׋4Və)Rf5V_^0Iy]fKr#\nFdEv^IG@Jh`ATO37\\D8,6c~SIUp9*ΧAA̖M8# x%\'~diuϜhuMD\nq,1@7QUcֲSg/yWmG\\rNmHDptK;VfƏoSzUTg<	}\nFG*o[bWhW0wkyP:\n7F(G#;\"{#8~Z@.Z\' \Z\'Ĭ3ahQLqwZOD55SWbp\n .Jcgs^ι\\!w@Ϯ$U&]{*MX2\rXI$[g;!~是v-5.)sF\'^S->4FFFGѣ7FichHT_pg<+&ߞd{<n2f/B	8MFR;bI E{]>s=RAsT΍T1;ǜT	Tla#qbxw0CS-\'A\r3dEahIJkxt9B3BJaZWkAޢ\n8k.Tcv%ymam!sqnUqe܅]n\\*Fcvysˣo-6E\"$gn޻\"$Q?,sz:0iswS4u[Y\nxaߏɏCooZ$~SѿEE7]wa3E,;l3eG\'@\'0Cpp]YO^XЛM!sZKʌ^<5<\"FHĜ&%jS5]oV\"&|bxrm|LՖJKe@\0SBŃGHRݒY(M9\'\'T5jUN(ZbY?.Ş|sm*6uԸݥ_x!KOv(W=8f5#3j9bz@!F)+<!ɿ`\")ay)\ZaA!1\ZR\"!i{H<zw,i|wbes\0H&?SbqIfGs\"\0Qm7ۓ.RfYZ91>6ӇCu+`Q*ŕx	^\Z|{VíOK~vu߼uzqV(2n1C-2}rjDqfk|J8MŅ	_hF<W/\ZM-sT> -PnB	/XeY@jE~U7\ZVZql?_5^n{KW9ptuK2,O䒠ҴM|yA஼/Nfl~8F5@\n\rˑW\rCaaaA\r,JOB@<ǁwP(\"2jR[˫OCee&9*\ZJmz5entyy*wN~rEcorr䮣I,(h-f\\ToJe@^<uRo7C\0z8Mh〿%s|Rgg8ޭ\'zS<Tؑt~s(/sC\nANHWb}`qgWԘ7R\'|9:s=#^.q	5ψzgvO%2o$bW`hfq $_7IknS-Io66 #Ow$sZɦ)mˁOo9ueMj1ǓڐQϋkt\"`Mțs*yȦFY%7WN$4*!׋|7<ʞe)R{yuɟ×_3tg1wBC!Ҡ4jEe\rZG{c`zzy?u&qhC{IH%w{~@(˃=xrժV_ԪJ&Z)|\0azsJJ&X!U?ȡǜԊT_j{j_JJ-\"T\'/w@-N/^R}ӓ8zR#PA#5jG$aFu\'tՓ*~mZh!pԦ#?\r`14C3-מd-%\0x/&\'`I`I|>so|b1(\nrO#%V(AAJ\'ߧӇKtkK4\'E&)j\\h1ZH*E{$`h J1LHT ^\0DFƧ|ɧ\\B!9s!g-\Z\0QxIbB9ĢV|E]r98ڼvG[ߧd`[\rEI,勼kQG{y/ߴiws7_sMU~Qâ޳/b6Vr\"՘_rZl7\\8ir/ʃ˨c;^`HxWJSNtk)\'XxCYV}񭲽  mY)DGN[[cV.ij,Uc1X=~ۭj3803=EQ\'~rr\\рv[qá \0,<]B܊q<]:\'*qF<zX-\0#>=ȉJFn	nTKڰĪ7sKGvuLj3n`\rmh=ϒLn 6>2Jü<~G݊B:%i?\0|,}ǨBHxFN*񩿁\\w>q~\"=d#lr rTy0;[ec8֬YgqY;QJL0R34@GahV#=\Z7ZL/hl\'JY]-CvtT \'%C%ݧ	QR.{eAYd<o+.z8ypWm\\s5[DBsz~\n.raͻY`7Y\nEJui_Qݰuwswnw<=S	zX\\:)uNGJZCqAە0W\ZQB+,.MAN\\UBN^0lP4+nwdqN3렵U\rWqiTjz@pzmʬSuI8Ik+}[5]@LXK;=? KF75l^jv\'BX+}r4톁&,\n)ƒ++D~zQCcg-5w_ioyhNw{ɷɹwf/eVNo`\\ٲ#wTOم;b}]NcZf\"Yل8NǭI[8x\0[5솋1LJl)ы(e}ݜdl#95xb2@p`uc6KZ\ZҚ7)m:*ldzg1,<6iI\\xjTNӮkK PT8|< [A\\o]uѽEkKәHOm~0ąoxt%tIk:Џ`P(x-Q	6Q/hD6Hg{zTOրH|8uFT\ntE=ƈK1搂:h@\nѨ׏En GX=O#%^4hRc0JrZhX[EWRQ f_A3ןI=xJZj@>8Z+/+._4*mm,\\2GމwEǈ0t=̨fDW?L{iC멌Z#Q㿣W䀜,BDY\ZA^s9țL>>3ǃKv~HҐmvK$]ZcsTީK2.l\"dOVC<|RX(]bQv}Hnrd@4 ytT̶V+ʖDXh%bzTTJ/1\"ds$KC6,ֽg쉣VUh|8Qlj^u:v1qO\ZO6PC)Y\'DI<@RCzd=oQْ!XQ^CJ\\T[*E*pK[|ǃJ6/&EbqsqX3Vрp\\t]tɰA:5ǽϜ˗@Xbh\\xɰlOHt>f-pܑx4\'\Zb8 ߓ̍|\\kB4^ow\\m_k9~==?.t`fwC{k#Yưi@9\Z&ho(.]zck.ōu%7RQ1]>+!g+KjU^XH^kKUzV0rO*7+F$\\)T;:wگ*xhhR})hP1_L\nb]VsAES=HvshoW6{[^wSEgO$~\"N?G\0lFgN-q\0쩱ZufjXRC\\fW-;]:2//Z	ϻs8^ܴ,׬TsCE\nj	Є,܈}^s,H$nwÁQ#7z!$<E#~p-<k3PzL\'\rdEb̤Bq7C(yH#f4?Qd׵t[)j[n/[lʡ[JyEۺF_jsf?nRn*\\X}2oe\re%+_B,	US\nYaV!ь._H	Wz0u\Z0+Yy\"oqi=[Lz},A_aBʽ\">KMH~&F\"~j\'	vxT%16>Af~{;%KtsS-nTTr.S>zeXyX<oj7!%UlR0Z:`9,0|mp0xGZ!zyE+<\nn9AI˩	<=Ap<R(tlM\\\\={Ƃ\\\ZrSWݡIgEi-s`z\rqb7G0yL\0~?qHͫ,+(vXCؘ~)[\'Uf(eQ~rw$v+23nsq.^)c<QT4uB Ʌ2ĥCn1}#/o~=kiOr}\'פ9L|PDCŁuACaa)ը~9(9`tgM%WS~⿼H,j./[,H7!5˓y`H\nκ` WkESD$Q,7hc$2!8ulS%OsbQT:	v?,.\"υVT+hI3rXs֫{<jH`d-M]dvF\"¹ǁ#A1smz7BӾ,l x!Q+,UT0( _31/F$݇ыAmoda>L{(7/\"WBL&Nnm^xlb<s!QTA,x`z_І6,؎o6zz\nI.a~Y|PR(v)oʷ`؄M`\"@.?76s%1.&_zɗ^b{LH܉3_/.\0?sGpcwܽt%0}$JҽL2{/{,Aт|f{iQyhj{smU(\\>uܾ]|	xU԰/F+zG^[Ž})SP$	z>\\tq۹Nr3)-2x,SNMx>b/BVՆ7\r4ՠKګj4Z\Z/O\Z?1jNG0gDZ]OLk\ZzVbbJsr\rFXg?dEvl5ZYG%V{M!GqB\"#\\XǮOme3Iv)zaΨqnpП2ߏ.dc:Aw\'.6P4b3?qdri[++Рt;A=TZkhV]&ׂRSҮIݶ*l\"}<ŭ\n5c{P/g?כ?ָ5<𻲆B-ZՈrS2?ٟgs9(O8Z@Bx\Z[\nBXU!^O\r<qR!n eUFQc:M/\0/6WBYVN³P\nAcĥ\\OB1tP&ߔvxgށrPWnQKW{:}iAS4?`m~}\re]:O=Þ=ƽK{eW$jkh5<|$<WlCWa!ǰc)\n2̡(@x+˰\n֜2Fo2AQ2EבȰN!z4yC\rSXC˰	]oe#e,a[eXdX{eX,˰\ZXa\rYseXU2#OXa=tżR،:ǝ2lBa$XAnrȰVBνV(`ܷȰEݷ3XM~Z1X2@d0\'@_oC2\\?07;G}}s2}ao[c2Ϳ:ep?`=%\nTO0@_/0F(oa*`sLi;a&À7t<52)hdʰ\nXdݬCԗ@b$V28\'qxW2?\"ôD0/ex GSdS(0A5Aa+a\r/dѰyna Vi+ft)~*4Q\Zu6gbp#C˥TAiݬ\09=P,Rrfd:2CG_1oJP	˭\Z=u6Ys!xߚKmfyjx++ymo>K	35炾\r̎nxo}P`}vԗjxL̚Ӫ/z6\rMGGOWr@núA4-3,zU\Z!\\}w2zihuKn$RKeGRiôV63v`<992٬hfZG1DyѫՒ26,̌|q2	l.mg8tzZ).q9oL^!h;f)a+k;a`mRIe2Jte@70Z\r\0$ᡇnߥٸzsGlecaN}2h3CT,	LҳpH4F$mdxjcu;΢[,ѧA#ki1CݬY|\"I7zQ2´ k4I]/f,~Vw\ZmacˌLP\\}Ph}V$<|5fq}3RCƸsw0K-K}6hÐ6K4\\Xݲ<w͒e#a5L{dbtlYCGK%nzƕ=ۙ뙡pG7F7*xZMkliH>uFe\'XMX%Qlg+C9e.򛾳th㯑8r}Z`g4=d 4]z?o!\Z9P:IV~3pi:.\ZBYےIqpf,n[%u^@JV7S6W@.=h~=!^F\ninֺf:k.藱<:*{V2%ޚ~_32*e#YkXz(lM8Z7*[diny03mmW\\*Kݳtl-/IR-_>y^c4~Y2d^;X)i-<W|nYF\\X)mlH3}S\'Қ29ZHt:&4aQ?lE\nYR0-?8_()=8o%S=LktFiozbw*ygJAYɂawG\Zl,kI	TqFClFgc	)7JЬH+M;jgh0|iίrZBC_I2ӳ>OG	[xbmuhgem=3j_B[\nC*r\n\"DwCEޤd|\nVGAl_%?ph=-<&J}}Ð%\r\r\rw\n=¶/)	М!aI/+,J@PR(to\ZI;VuoN	M9}ztL>3rpN>79Ege5{|n3V\ru7\rn:\\`Cy\nmBTX(,z;tPzk+i	ԷqktvVZX8ضw#\rIGaC}Aay`GwP[Z{Bܶ\'-Oӳ{phXhOciL%M渼fԛ:֟,:]]BmHHuoMw\narF6F`=t{כQDl6\0FCC#=lhB`pZmm:	[Yf 0ۑ,b0t;#Ć03?i0^hB}#.BtP4L2M\nP`*hK_JΑA=H\'bn^0/tmpG\\z:v@H0\Z5Ӄ6+=m@n	04<\nmjlpwaDO[G[?mqOH瑾=C\'<{x:B[}}0ͣ0;@ȑ!O6m\Zbܶm[wozH4H0$$kHbC=mRfǖp7kapdr֭eD$7$7\'yh0% B+VܚȪ4XaI]%+\r%uMΩooZeuLvf]t1`/Y6n2`h޷ei;@Lڄ@V/o8NS\nkZWop`w`N\n+J,D`{ocZbRJٙz@n`h\Z)K,R2\0	[zFJi\ZJϮ](	2:=		ۄt{7g.\0)odu::uf22]Ato9r94,dy,o+(\r=C]hKBf`I?TT1|,<39*X7 4^yYᡮnXP(|~P2\rr*\"-73Gt0R~tbm;Y6\n6~چ[JTEPQ<\'Q**j[EũBEyYeYQH?FJcr6%3\Z[_5va4;S} j`iiwEg~}@D_}}@D_}}@D_}}@D_hfOOvp!8|iXĴЗ֜.׀ޅQoB@Bޗ]~IRU{>Sc5Tj1ӊ[؞ԗ9tl	0UҰ_ՙM/Y~|ENQ_S)p&ZF1!ʟ)L7}*-\\|Ir_T.g~*%8B+a/xK~=`c!72P>G\'Jޮ)@\n::[XHc.\\AqͶ!hۏCP1$iGܾ:S	?D<;8˘b?<hˢ}(%yWIs5B~ ~_~k|;P;(,8~!n*Q\ne~~$%:2Vdpga\"Aܻ&dR\'o׋Й\ZKv\Zq8c~k!)z?ټd0DCxo	IBbh6\0iQ\n`3ZK:u)*3jշw]؝?$!jN[[ڪS{7_9{{ޗޏoUzah(p*G\nq^_eg.! i-Xoɇ`9X簛aלî9*;y>Kd8ۆ)eBS>gkG{(*\')}H~l-jj\nW}}pj%F\nXII\Z|1WVEs#4p֋9\0\'W^䷨7SߠVkʧj!c$O Ȼ:\n$0Xzs-Iޭ&-t[,Z녫xtJ+e\"\\u;n/8[ՔV8eF`=r#9OyD!i`\0vdvd̫\nsZK.;p-\00\0?՛!\r90Dl@0LzO\r5B\00CJԱR>YŽS\'!:fbta6̇m%ÞJgiHlA4]ot\\=.qy]L>hU/~|Uc108<hyb\\|OsyO͞Ssy̬m41Nh;Hm>>67v67qsfc	.%`/Kzi}>f<1BE\0FF ǔQjv\Zr@c=C6J#@\'~F	}c\0cǖ\Z\0FBN\noe3T9{qa~T{V΂wV΂\'+!QQZ7Wįf#vId;O* u!cl<wH ~|E*xGqWhѺX`DBrj]=KY1FjlWSqmA+k\0rҸʒ<l\nv/z弪Yg*=^!TTEch/\Z}^J~Oɯ)YsZD辠_+hhhO\'$}XƧ^i>mOnP!ܟhNJMɥ%^^^7^^	Zq|Tɦh\Znvam譢&\n#K)\\+\n3U+PnE<]fqgruJ]&QE6a\\Dd>eP\ZzdпqKDY0~Ht*OIaF\0GE0t\'Dfq9\nCyj\\xHHyf-)#j0נvr4Kqt1T;DƐy[IH&a%Y/5ڵ07xfU0\ZA\n#V\\/LEƴYc.$NWh\0e@~a<.2A-.Z9E-ZZEJaHG^U&KI4O*cy\'G!;y4~%}(̘[fƧ\0#VX,xM9sEaVfBFEx>aB?3ǌh0/k.tĸG?P2:} M軍.Lܡ0&U65}KC2ftcT96d6Qҁ\nḌ`誦IFv^ӿ\n՘\0wV989v:z\\XXXXrz2g;mN$N36)m0^ң^ Bn\"\"d-Vs8w\\lT҇h*F;և[yZA$IvԀlo)MbđZ3uPCR?P_>^^~}\n\" {JM8V䖔L]źu)JbwJ՗:Ew]e?ݕm(4bJ\ZJ,hHHf\"R$u~Tń@T%JhU\ZI	JJ6!(P\\t)o\n\rd!pǭDsmJu~ m=xpW5uP:w޶KAº˟fRWp͟ȒTWo*\'D[˿#їm\\\\2z`2Xս\n-s헹\\ݱn+&{RY\'T:ܥ8[ҵ:=Qu[^sГHW}>.]8Cמ\'\\tW;PM\r\r5,uM1R~`\r\rLw?D\\\";SYٝp 		aV7n{ߙyu_]40;eGy6z޼PLGQkjjhrʟZa+W[_#Jec<{/m/@\nendstream\nendobj\n\n11 0 obj\n21361\nendobj\n\n12 0 obj\n<</Type/FontDescriptor/FontName/BAAAAA+TimesNewRomanPS-BoldMT\n/Flags 4\n/FontBBox[-558 -306 2032 1025]/ItalicAngle 0\n/Ascent 891\n/Descent -216\n/CapHeight 1025\n/StemV 80\n/FontFile2 10 0 R>>\nendobj\n\n13 0 obj\n<</Length 412/Filter/FlateDecode>>\nstream\nx]n0Fy\n/{UIBZ	EBXG}H\'2aߌJ]ɱH׻\rsnϳ9|csK9;S2yroa2[$d>_?&K|s=s*]>l>&6$k*ej;;q̲,:a+H[_C\rYV<ցIx\\(WR/)We~Й[p%9QnKVgm^`?l_տ{WR\rn?_՟8UgL\'[Ys\'1?KHX\rI	@_Ko#&\0Ag!vt68/L.|ͻ\nendstream\nendobj\n\n14 0 obj\n<</Type/Font/Subtype/TrueType/BaseFont/BAAAAA+TimesNewRomanPS-BoldMT\n/FirstChar 0\n/LastChar 42\n/Widths[777 389 833 500 500 443 250 556 777 556 556 556 277 556 333 722\n666 500 443 500 333 443 389 277 333 333 610 666 500 250 500 500\n277 556 333 500 333 443 500 333 722 556 443 ]\n/FontDescriptor 12 0 R\n/ToUnicode 13 0 R\n>>\nendobj\n\n15 0 obj\n<</F1 14 0 R/F2 9 0 R\n>>\nendobj\n\n16 0 obj\n<</Font 15 0 R\n/ProcSet[/PDF/Text]\n>>\nendobj\n\n1 0 obj\n<</Type/Page/Parent 4 0 R/Resources 16 0 R/MediaBox[0 0 595 842]/Group<</S/Transparency/CS/DeviceRGB/I true>>/Contents 2 0 R>>\nendobj\n\n4 0 obj\n<</Type/Pages\n/Resources 16 0 R\n/MediaBox[ 0 0 595 842 ]\n/Kids[ 1 0 R ]\n/Count 1>>\nendobj\n\n17 0 obj\n<</Type/Catalog/Pages 4 0 R\n/OpenAction[1 0 R /XYZ null null 0]\n/Lang(pt-BR)\n>>\nendobj\n\n18 0 obj\n<</Author<FEFF00440061006E00690065006C002000540065006C00650073>\n/Creator<FEFF005700720069007400650072>\n/Producer<FEFF004F00700065006E004F00660066006900630065002E006F0072006700200033002E0032>\n/CreationDate(D:20110216120533-02\'00\')>>\nendobj\n\nxref\n0 19\n0000000000 65535 f \n0000051112 00000 n \n0000000019 00000 n \n0000001397 00000 n \n0000051255 00000 n \n0000001418 00000 n \n0000027368 00000 n \n0000027390 00000 n \n0000027588 00000 n \n0000028129 00000 n \n0000028519 00000 n \n0000049967 00000 n \n0000049990 00000 n \n0000050195 00000 n \n0000050677 00000 n \n0000051015 00000 n \n0000051057 00000 n \n0000051354 00000 n \n0000051451 00000 n \ntrailer\n<</Size 19/Root 17 0 R\n/Info 18 0 R\n/ID [ <E60ECF6ED9558070EE4BDCC6A3292B48>\n<E60ECF6ED9558070EE4BDCC6A3292B48> ]\n/DocChecksum /501944BE7F23C090D71D36ED6429F545\n>>\nstartxref\n51700\n%%EOF\n',NULL,NULL);
/*!40000 ALTER TABLE `arquivo` ENABLE KEYS */;
UNLOCK TABLES;

--
-- Table structure for table `chamado`
--

DROP TABLE IF EXISTS `chamado`;
/*!40101 SET @saved_cs_client     = @@character_set_client */;
/*!40101 SET character_set_client = utf8 */;
CREATE TABLE `chamado` (
  `id` int(11) NOT NULL AUTO_INCREMENT,
  `item` int(11) NOT NULL,
  `empresa` int(11) NOT NULL,
  `unidade` int(11) NOT NULL,
  `abertura` timestamp NOT NULL DEFAULT CURRENT_TIMESTAMP,
  `previsao` date DEFAULT NULL,
  `fechamento` timestamp NULL DEFAULT NULL,
  `estado` char(1) NOT NULL DEFAULT '0',
  `user` varchar(45) NOT NULL,
  PRIMARY KEY (`id`)
) ENGINE=InnoDB AUTO_INCREMENT=126 DEFAULT CHARSET=utf8;
/*!40101 SET character_set_client = @saved_cs_client */;

--
-- Dumping data for table `chamado`
--

LOCK TABLES `chamado` WRITE;
/*!40000 ALTER TABLE `chamado` DISABLE KEYS */;
INSERT INTO `chamado` VALUES (2,3,1,4,'2012-07-24 18:54:03','2012-08-15','2012-07-24 18:55:23','1','admin'),(3,4,5,16,'2012-07-26 19:53:09','2012-08-15',NULL,'0','jack'),(4,5,6,17,'2012-08-03 20:16:15',NULL,'2012-10-02 15:57:29','1','jack'),(5,6,6,18,'2012-08-03 20:28:50',NULL,'2012-10-02 15:58:11','1','jack'),(6,7,1,3,'2012-08-08 18:23:50',NULL,NULL,'0','jack'),(7,8,1,6,'2012-08-10 13:24:15',NULL,NULL,'0','jack'),(8,9,1,1,'2012-08-10 15:19:52',NULL,'2012-10-11 17:10:59','1','jack'),(9,8,1,6,'2012-08-10 15:28:26',NULL,'2012-09-03 20:10:58','1','jack'),(10,10,1,19,'2012-08-10 15:34:11',NULL,'2012-10-11 17:15:41','1','jack'),(11,11,1,3,'2012-08-10 15:38:46',NULL,NULL,'0','jack'),(12,12,1,4,'2012-08-10 15:39:07',NULL,NULL,'0','jack'),(13,13,1,5,'2012-08-10 15:39:25',NULL,'2012-11-13 17:39:30','1','jack'),(14,14,1,3,'2012-08-10 15:41:28',NULL,NULL,'0','jack'),(15,15,1,3,'2012-08-10 15:42:00',NULL,NULL,'0','jack'),(16,16,1,1,'2012-08-10 15:46:38',NULL,NULL,'0','jack'),(17,17,1,7,'2012-08-10 15:46:54',NULL,'2012-08-14 14:03:42','1','jack'),(18,18,1,8,'2012-08-10 15:47:09',NULL,'2012-08-14 14:04:07','1','jack'),(19,19,1,5,'2012-08-10 15:47:23',NULL,'2012-08-14 14:04:45','1','jack'),(20,20,1,10,'2012-08-10 15:47:41',NULL,'2012-08-14 14:05:04','1','jack'),(21,21,1,4,'2012-08-10 15:49:19',NULL,'2012-08-28 14:16:52','1','jack'),(22,22,1,4,'2012-08-10 15:49:33',NULL,'2012-08-28 14:17:22','1','jack'),(23,23,1,12,'2012-08-10 15:49:49',NULL,NULL,'0','jack'),(24,24,7,11,'2012-08-13 19:17:23',NULL,'2012-11-09 19:00:56','1','jack'),(25,25,7,6,'2012-08-13 19:17:39',NULL,'2012-11-09 18:59:10','1','jack'),(26,26,3,20,'2012-08-27 13:35:06',NULL,'2012-08-30 19:46:27','1','jack'),(27,27,1,3,'2012-08-27 13:40:15',NULL,NULL,'0','jack'),(28,28,1,21,'2012-08-28 14:25:40',NULL,'2012-08-28 14:26:00','1','jack'),(29,29,6,18,'2012-09-03 19:47:15',NULL,'2012-10-02 15:57:57','1','jack'),(30,30,4,14,'2012-09-03 19:59:55',NULL,'2012-09-03 20:00:07','1','jack'),(31,31,4,15,'2012-09-03 20:00:47',NULL,'2012-09-03 20:01:13','1','jack'),(32,32,8,22,'2012-09-12 19:33:02',NULL,NULL,'0','jack'),(33,33,1,23,'2012-09-12 19:35:37',NULL,NULL,'0','jack'),(34,22,1,4,'2012-10-03 16:39:24',NULL,'2012-11-13 17:39:15','1','jack'),(35,34,1,4,'2012-10-03 16:40:31',NULL,'2012-11-13 17:40:47','1','jack'),(36,35,1,4,'2012-10-03 16:41:30',NULL,'2012-11-13 17:42:27','1','jack'),(37,36,6,24,'2012-10-03 16:44:21',NULL,'2012-11-07 20:57:43','1','jack'),(38,37,6,25,'2012-10-03 16:47:03',NULL,NULL,'0','jack'),(39,38,1,21,'2012-10-03 16:48:10',NULL,NULL,'0','jack'),(40,39,1,26,'2012-10-03 16:49:20',NULL,'2012-11-13 17:44:30','1','jack'),(41,40,2,11,'2012-10-03 16:52:25',NULL,NULL,'0','jack'),(42,41,2,5,'2012-10-03 16:53:36',NULL,NULL,'0','jack'),(43,42,2,12,'2012-10-03 16:55:38',NULL,NULL,'0','jack'),(44,43,2,11,'2012-10-03 16:56:52',NULL,NULL,'0','jack'),(45,44,2,12,'2012-10-03 16:57:45',NULL,NULL,'0','jack'),(46,45,3,27,'2012-10-03 17:01:54',NULL,'2012-10-03 17:02:37','1','jack'),(47,46,6,17,'2012-10-03 19:09:05',NULL,'2012-11-07 20:58:35','1','jack'),(48,47,6,17,'2012-10-03 19:09:23',NULL,'2012-11-07 21:00:09','1','jack'),(49,48,6,28,'2012-10-03 21:04:25',NULL,NULL,'0','jack'),(50,49,6,28,'2012-10-03 21:04:44',NULL,'2012-11-07 20:58:08','1','jack'),(51,50,6,28,'2012-10-03 21:05:04',NULL,NULL,'0','jack'),(52,51,6,28,'2012-10-03 21:05:26',NULL,NULL,'0','jack'),(53,52,6,28,'2012-10-03 21:05:42',NULL,NULL,'0','jack'),(54,53,6,28,'2012-10-03 21:06:05',NULL,'2012-11-07 20:56:00','1','jack'),(55,54,6,18,'2012-10-05 18:52:01',NULL,'2012-11-07 20:59:07','1','jack'),(56,55,6,29,'2012-10-05 18:55:58',NULL,'2012-11-07 20:56:37','1','jack'),(57,56,6,30,'2012-10-05 18:57:52',NULL,'2012-11-07 20:59:27','1','jack'),(58,57,3,31,'2012-10-05 19:44:26',NULL,NULL,'0','jack'),(59,58,1,3,'2012-10-09 19:33:44',NULL,'2012-11-13 17:50:16','1','jack'),(60,59,1,3,'2012-10-09 19:35:08',NULL,'2012-11-13 17:55:20','1','jack'),(61,60,7,3,'2012-10-09 20:00:27',NULL,NULL,'0','jack'),(62,62,2,32,'2012-10-09 20:21:06',NULL,NULL,'0','jack'),(63,61,2,32,'2012-10-09 20:22:40',NULL,NULL,'0','jack'),(64,63,1,32,'2012-10-09 20:28:31',NULL,'2012-11-13 17:58:32','1','jack'),(65,64,1,1,'2012-10-11 18:17:13',NULL,'2012-11-13 18:06:22','1','jack'),(66,65,1,1,'2012-10-11 18:17:35',NULL,'2012-11-13 18:09:16','1','jack'),(67,66,1,1,'2012-10-11 18:17:58',NULL,'2012-11-13 18:10:16','1','jack'),(68,67,1,1,'2012-10-11 18:18:18',NULL,'2012-11-13 18:11:21','1','jack'),(69,68,6,18,'2012-10-16 20:19:29',NULL,'2012-11-23 19:32:53','1','jack'),(70,69,6,18,'2012-10-16 20:19:56',NULL,'2012-11-23 19:16:23','1','jack'),(71,70,6,33,'2012-10-16 20:20:59',NULL,'2012-11-23 19:01:27','1','jack'),(72,71,1,34,'2012-10-17 20:37:34',NULL,'2012-11-13 18:03:19','1','jack'),(73,72,6,35,'2012-10-17 20:39:52',NULL,'2012-11-23 19:06:43','1','jack'),(74,73,6,35,'2012-10-17 20:40:36',NULL,'2012-11-23 19:30:04','1','jack'),(75,28,1,21,'2012-10-22 18:42:30',NULL,'2012-11-13 18:13:04','1','jack'),(76,74,6,25,'2012-10-23 18:21:09',NULL,'2012-11-23 19:27:42','1','jack'),(77,13,1,5,'2012-10-29 15:44:36',NULL,'2012-10-29 15:44:52','1','catunda'),(78,75,1,5,'2012-10-29 17:58:51',NULL,'2012-11-29 19:23:13','1','jack'),(79,77,1,36,'2012-11-01 14:55:49',NULL,NULL,'0','admin'),(80,76,1,36,'2012-11-01 14:56:03',NULL,NULL,'0','admin'),(81,78,3,37,'2012-11-01 18:17:21',NULL,'2012-11-21 20:19:39','1','jack'),(82,79,1,3,'2012-11-01 18:26:12',NULL,'2012-11-13 17:56:36','1','jack'),(83,80,6,29,'2012-11-01 18:29:20',NULL,'2012-11-23 19:18:21','1','jack'),(84,81,6,38,'2012-11-01 18:40:35',NULL,'2012-11-23 19:23:53','1','jack'),(85,82,6,39,'2012-11-01 18:47:45',NULL,'2012-11-23 19:10:02','1','jack'),(86,83,6,39,'2012-11-01 18:48:10',NULL,NULL,'0','jack'),(87,84,6,39,'2012-11-01 18:48:39',NULL,NULL,'0','jack'),(88,85,1,3,'2012-11-07 13:06:58',NULL,NULL,'0','catunda'),(89,86,1,3,'2012-11-07 13:14:32',NULL,'2012-11-29 19:23:39','1','jack'),(90,87,1,3,'2012-11-07 13:16:03',NULL,NULL,'0','catunda'),(91,88,6,40,'2012-11-07 21:04:39',NULL,'2012-11-07 21:04:51','1','jack'),(92,89,6,41,'2012-11-07 21:08:00',NULL,'2012-11-07 21:08:14','1','jack'),(93,90,6,42,'2012-11-07 21:12:24',NULL,'2012-11-07 21:12:43','1','jack'),(94,91,6,35,'2012-11-07 21:13:43',NULL,'2012-11-07 21:13:55','1','jack'),(95,92,6,40,'2012-11-07 21:16:49',NULL,'2012-11-07 21:16:53','1','jack'),(96,93,6,35,'2012-11-07 21:17:48',NULL,'2012-11-07 21:17:55','1','jack'),(97,94,1,7,'2012-11-13 18:40:45',NULL,'2012-11-13 18:42:14','1','jack'),(98,95,1,1,'2012-11-13 18:59:12',NULL,'2012-11-13 18:59:26','1','jack'),(99,96,6,43,'2012-11-14 13:49:29',NULL,'2012-11-23 19:34:50','1','jack'),(100,97,6,43,'2012-11-14 13:49:50',NULL,'2012-11-23 19:12:00','1','jack'),(101,98,6,39,'2012-11-14 15:38:43',NULL,'2012-11-23 19:36:07','1','jack'),(102,99,6,39,'2012-11-14 15:39:00',NULL,'2012-11-23 19:25:38','1','jack'),(103,55,6,29,'2012-11-21 15:40:41',NULL,NULL,'0','catunda'),(104,100,6,29,'2012-11-21 15:41:59',NULL,NULL,'0','catunda'),(105,88,6,40,'2012-11-21 17:55:29',NULL,NULL,'0','catunda'),(106,28,1,21,'2012-11-21 18:14:40',NULL,NULL,'0','jack'),(107,101,6,35,'2012-11-22 19:23:18',NULL,NULL,'0','jack'),(108,102,2,28,'2012-11-23 19:40:44',NULL,'2012-11-23 19:41:56','1','jack'),(109,103,8,44,'2012-11-23 19:44:16',NULL,'2012-11-23 20:23:35','1','jack'),(110,104,6,45,'2012-11-26 18:08:35',NULL,NULL,'0','jack'),(111,105,6,45,'2012-11-26 18:09:18',NULL,NULL,'0','jack'),(112,106,6,46,'2012-11-27 13:04:02',NULL,NULL,'0','catunda'),(113,107,6,18,'2012-11-27 13:06:08',NULL,'2012-12-03 18:04:36','1','jack'),(114,108,6,18,'2012-11-27 13:06:42',NULL,NULL,'0','catunda'),(115,107,6,18,'2012-11-27 13:22:45',NULL,NULL,'0','catunda'),(116,109,6,33,'2012-11-29 19:22:44',NULL,NULL,'0','jack'),(117,109,6,33,'2012-11-30 13:52:36',NULL,'2012-11-30 13:56:08','1','catunda'),(118,110,6,17,'2012-11-30 13:59:32',NULL,NULL,'0','catunda'),(119,53,6,28,'2012-11-30 14:17:32',NULL,NULL,'0','catunda'),(120,111,6,28,'2012-11-30 14:18:26',NULL,NULL,'0','catunda'),(121,114,1,47,'2012-12-03 18:15:15',NULL,'2012-12-03 18:15:22','1','jack'),(122,113,1,5,'2012-12-03 18:16:11',NULL,'2012-12-03 18:16:13','1','jack'),(123,112,1,48,'2012-12-03 18:17:12',NULL,'2012-12-03 18:17:15','1','jack'),(124,115,6,38,'2012-12-04 13:38:21',NULL,NULL,'0','catunda'),(125,116,6,10,'2012-12-04 13:38:40',NULL,NULL,'0','catunda');
/*!40000 ALTER TABLE `chamado` ENABLE KEYS */;
UNLOCK TABLES;

--
-- Table structure for table `empresa`
--

DROP TABLE IF EXISTS `empresa`;
/*!40101 SET @saved_cs_client     = @@character_set_client */;
/*!40101 SET character_set_client = utf8 */;
CREATE TABLE `empresa` (
  `id` int(11) NOT NULL AUTO_INCREMENT,
  `nome` varchar(45) NOT NULL,
  `telefone` varchar(13) DEFAULT NULL,
  `contato` varchar(45) DEFAULT NULL,
  PRIMARY KEY (`id`)
) ENGINE=InnoDB AUTO_INCREMENT=9 DEFAULT CHARSET=utf8;
/*!40101 SET character_set_client = @saved_cs_client */;

--
-- Dumping data for table `empresa`
--

LOCK TABLES `empresa` WRITE;
/*!40000 ALTER TABLE `empresa` DISABLE KEYS */;
INSERT INTO `empresa` VALUES (1,'AJL','4009-6211','Weiler Wernek'),(2,'Electro Instalações Ltda.','3633-8800','Silvio / Willian'),(3,'Tigon Tecnologia','',''),(4,'AG Service Informática','',''),(5,'SMS Tecnologia Eletrônica Ltda','',''),(6,'North Manaus','3642-1221','Eudis'),(7,'SupriHouse Informática','3584-4637','Charles'),(8,'PRODAM – Processamento de Dados do  Amazonas ','2121-6400','');
/*!40000 ALTER TABLE `empresa` ENABLE KEYS */;
UNLOCK TABLES;

--
-- Table structure for table `equip_marca`
--

DROP TABLE IF EXISTS `equip_marca`;
/*!40101 SET @saved_cs_client     = @@character_set_client */;
/*!40101 SET character_set_client = utf8 */;
CREATE TABLE `equip_marca` (
  `id` int(11) NOT NULL AUTO_INCREMENT,
  `marca` varchar(50) NOT NULL,
  PRIMARY KEY (`id`),
  UNIQUE KEY `marca_UNIQUE` (`marca`)
) ENGINE=InnoDB AUTO_INCREMENT=8 DEFAULT CHARSET=utf8;
/*!40101 SET character_set_client = @saved_cs_client */;

--
-- Dumping data for table `equip_marca`
--

LOCK TABLES `equip_marca` WRITE;
/*!40000 ALTER TABLE `equip_marca` DISABLE KEYS */;
INSERT INTO `equip_marca` VALUES (1,'Epson'),(2,'HP'),(3,'Itautec'),(4,'Ragtech'),(5,'Samsung'),(6,'Senium'),(7,'SMS');
/*!40000 ALTER TABLE `equip_marca` ENABLE KEYS */;
UNLOCK TABLES;

--
-- Table structure for table `equip_tipo`
--

DROP TABLE IF EXISTS `equip_tipo`;
/*!40101 SET @saved_cs_client     = @@character_set_client */;
/*!40101 SET character_set_client = utf8 */;
CREATE TABLE `equip_tipo` (
  `id` int(11) NOT NULL AUTO_INCREMENT,
  `tipo` varchar(50) NOT NULL,
  PRIMARY KEY (`id`),
  UNIQUE KEY `tipo_UNIQUE` (`tipo`)
) ENGINE=InnoDB AUTO_INCREMENT=15 DEFAULT CHARSET=utf8;
/*!40101 SET character_set_client = @saved_cs_client */;

--
-- Dumping data for table `equip_tipo`
--

LOCK TABLES `equip_tipo` WRITE;
/*!40000 ALTER TABLE `equip_tipo` DISABLE KEYS */;
INSERT INTO `equip_tipo` VALUES (1,'Câmera Fotográfica'),(2,'Computador'),(3,'Estabilizador'),(4,'Impressora Laser'),(5,'Impressora Matricial'),(6,'Impressora Multifuncional'),(7,'Monitor'),(8,'Nobreak'),(9,'Notebook'),(10,'PDA'),(11,'Scanner'),(12,'Servidor'),(13,'Tablet'),(14,'Webcam');
/*!40000 ALTER TABLE `equip_tipo` ENABLE KEYS */;
UNLOCK TABLES;

--
-- Table structure for table `equipamento`
--

DROP TABLE IF EXISTS `equipamento`;
/*!40101 SET @saved_cs_client     = @@character_set_client */;
/*!40101 SET character_set_client = utf8 */;
CREATE TABLE `equipamento` (
  `id` int(11) NOT NULL AUTO_INCREMENT,
  `tipo` varchar(50) NOT NULL,
  `marca` varchar(50) NOT NULL,
  `modelo` varchar(50) NOT NULL,
  PRIMARY KEY (`id`),
  KEY `marca_idx` (`marca`),
  KEY `tipo_idx` (`tipo`)
) ENGINE=InnoDB AUTO_INCREMENT=15 DEFAULT CHARSET=utf8;
/*!40101 SET character_set_client = @saved_cs_client */;

--
-- Dumping data for table `equipamento`
--

LOCK TABLES `equipamento` WRITE;
/*!40000 ALTER TABLE `equipamento` DISABLE KEYS */;
INSERT INTO `equipamento` VALUES (1,'8','6','1.4 KVA'),(2,'8','6','1.2 KVA'),(6,'5','1','LX-300+II'),(7,'8','4','1.2 KVA'),(8,'8','7','Net Station'),(9,'6','2','Photosmart'),(10,'8','7','1.4 KVA'),(11,'5','1','LX-300+II'),(12,'4','2','Laserjet P2035n'),(13,'5','1','FX-890 / 361U'),(14,'12','2','Proliant ML350 G6');
/*!40000 ALTER TABLE `equipamento` ENABLE KEYS */;
UNLOCK TABLES;

--
-- Table structure for table `interno`
--

DROP TABLE IF EXISTS `interno`;
/*!40101 SET @saved_cs_client     = @@character_set_client */;
/*!40101 SET character_set_client = utf8 */;
CREATE TABLE `interno` (
  `id` int(11) NOT NULL AUTO_INCREMENT,
  `item` int(11) NOT NULL,
  `tecnico` int(11) NOT NULL,
  `unidade` int(11) NOT NULL,
  `abertura` timestamp NOT NULL DEFAULT CURRENT_TIMESTAMP,
  `previsao` date DEFAULT NULL,
  `fechamento` timestamp NULL DEFAULT NULL,
  `estado` char(1) NOT NULL DEFAULT '0',
  `user` varchar(45) NOT NULL,
  `descricao` varchar(255) DEFAULT NULL,
  PRIMARY KEY (`id`)
) ENGINE=InnoDB AUTO_INCREMENT=2 DEFAULT CHARSET=utf8;
/*!40101 SET character_set_client = @saved_cs_client */;

--
-- Dumping data for table `interno`
--

LOCK TABLES `interno` WRITE;
/*!40000 ALTER TABLE `interno` DISABLE KEYS */;
INSERT INTO `interno` VALUES (1,32,1,31,'2012-12-05 00:25:13','2012-12-05','2012-12-05 00:38:04','1','admin','Teste.');
/*!40000 ALTER TABLE `interno` ENABLE KEYS */;
UNLOCK TABLES;

--
-- Table structure for table `item`
--

DROP TABLE IF EXISTS `item`;
/*!40101 SET @saved_cs_client     = @@character_set_client */;
/*!40101 SET character_set_client = utf8 */;
CREATE TABLE `item` (
  `id` int(11) NOT NULL AUTO_INCREMENT,
  `nf` int(11) NOT NULL,
  `equipamento` int(11) NOT NULL,
  `tombo` varchar(45) NOT NULL,
  `serial` varchar(45) NOT NULL,
  `num_man` int(11) NOT NULL DEFAULT '0',
  `obs` text,
  PRIMARY KEY (`id`)
) ENGINE=InnoDB AUTO_INCREMENT=117 DEFAULT CHARSET=utf8;
/*!40101 SET character_set_client = @saved_cs_client */;

--
-- Dumping data for table `item`
--

LOCK TABLES `item` WRITE;
/*!40000 ALTER TABLE `item` DISABLE KEYS */;
INSERT INTO `item` VALUES (3,2,2,'32323','6565664548787',3,'bjkbjkh'),(4,2,8,'39172','273880019641',2,'O Sr. Bruno Lobato vai ligar para empresa SMS.'),(5,2,1,'60548','270812270850',3,''),(6,2,1,'60515','270812270866',3,''),(7,2,1,'41993','270811410433',2,''),(8,2,1,'41966','270811410479',4,''),(9,2,1,'41992','270811410462',3,''),(10,2,1,'41956','270811410494',3,''),(11,2,1,'41995','270811410446',2,''),(12,2,1,'41938','270811410474',2,''),(13,2,1,'41889','270811410467',5,''),(14,2,7,'41893','270811410534',2,''),(15,2,7,'41974','270811410493',2,''),(16,2,7,'41876','2708114100444',2,''),(17,2,7,'41917','270811410484',3,''),(18,2,7,'41962','270811410489',3,''),(19,2,7,'41888','270811410544',3,''),(20,2,7,'41847','270811410566',3,''),(21,2,7,'41987','270811410585',3,''),(22,2,7,'41922','270811410584',7,''),(23,2,7,'41894','270811410530',2,''),(24,2,9,'41809','CN16GG30NZ',3,''),(25,2,9,'38607','CN16GG30N0',3,''),(26,2,10,'42358','275410005935',3,''),(27,2,1,'41902','270811410525',2,''),(28,2,1,'41919','270811410434',5,''),(29,2,1,'60512','270812280919',2,''),(30,2,6,'38558','NUGY044108',2,''),(31,2,6,'38556','NUGY044098',2,''),(32,2,12,'000','CNB9S51619',2,''),(33,2,1,'41874','270811410519',2,''),(34,2,1,'41984','270811410490',3,''),(35,2,1,'41979','270811410432',3,''),(36,2,1,'60524','270812270890',3,''),(37,2,1,'60496','270812270867',2,''),(38,2,1,'41863','270811410518',2,''),(39,2,1,'41832','270811410430',3,''),(40,2,2,'39369','280211385760',2,''),(41,2,2,'39279','280211395947',2,''),(42,2,7,'39363','280211396070',2,''),(43,2,7,'39297','280211396229',2,''),(44,2,7,'39289','280211396061',2,''),(45,2,10,'42397','275410005936',3,''),(46,2,1,'60543','270812270844',3,''),(47,2,1,'60552','270812270841',3,''),(48,2,1,'60430','270812270792',2,''),(49,2,1,'60432','270812270757',3,''),(50,2,1,'60427','270812270753',2,''),(51,2,1,'60436','270812270785',2,''),(52,2,1,'60438','270812270768',2,''),(53,2,1,'60433','270812270762',4,''),(54,2,1,'60519','270812280920',3,''),(55,2,1,'60504','270812280903',4,''),(56,2,1,'70097','270812280938',3,''),(57,2,1,'00000','275410006063',2,''),(58,2,1,'41929','270811410415',3,''),(59,2,1,'41829','270811410411',3,''),(60,2,13,'38762','NZCY008023',2,''),(61,2,7,'39284','280211396068',2,''),(62,2,7,'38585','280211385758',2,''),(63,2,1,'41872','270811410429',3,''),(64,2,1,'41961','270811410466',3,''),(65,2,1,'41999','270811410580',3,''),(66,2,1,'41834','270811410512',3,''),(67,2,1,'41996','270811410508',3,''),(68,2,1,'60514','270812270874',3,''),(69,2,1,'60521','270812270883',3,''),(70,2,1,'70056','270812291073',3,''),(71,2,1,'41928','270811410431',2,''),(72,2,1,'60408','270812270804',3,''),(73,2,1,'60409','270812270816',3,''),(74,2,1,'70114','270812280963',3,''),(75,2,1,'41972','270811410511',3,''),(76,2,14,'41805','AJL0148195',1,'MXQ13700L0'),(77,2,14,'41803','AJL0140199',1,'MXQ13760L2'),(78,2,10,'42386','275410005940',3,''),(79,2,1,'41946','270811410487',2,''),(80,2,1,'60505','270812280914',2,''),(81,2,1,'70051','270812291057',3,''),(82,2,1,'60446','270812270758',3,''),(83,2,1,'60450','270812270765',2,''),(84,2,1,'60448','270812270773',2,''),(85,2,1,'41954','270811410435',2,''),(86,2,1,'41896','240811410528',3,''),(87,2,1,'41899','270811410553',2,''),(88,2,1,'60414','270812270775',4,''),(89,2,1,'60470','270812270817',2,''),(90,2,1,'60564','270812270854',3,''),(91,2,1,'60405','270812270826',3,''),(92,2,1,'60423','270812270761',3,''),(93,2,1,'60410','270812270797',4,''),(94,2,1,'41850','270811410388',3,''),(95,2,1,'41859','270811410563',3,''),(96,2,1,'70082','270812280962',3,''),(97,2,1,'70092','270812291098',3,''),(98,2,1,'60451','270812270770',3,''),(99,2,1,'60442','270812270767',3,''),(100,2,1,'60500','270812270881',2,''),(101,2,1,'60402','270812270821',2,''),(102,2,1,'60439','270812270760',3,''),(103,2,10,'032366','272730129126',3,''),(104,2,1,'70149','270812291015',2,''),(105,2,1,'70165','270812291003',2,''),(106,2,1,'70107','270812280967',2,''),(107,2,1,'60522','270812270873',3,''),(108,2,1,'60511','270812280921',2,''),(109,2,1,'70055','270812291090',4,''),(110,2,1,'60553','270812270856',2,''),(111,2,1,'60437','270812270771',2,''),(112,2,1,'41927','270811410492',3,''),(113,2,1,'41941','270811410457',3,''),(114,2,1,'41898','270811410394',3,''),(115,2,1,'70031','270812291035',2,''),(116,2,1,'41880','270811410437',2,'');
/*!40000 ALTER TABLE `item` ENABLE KEYS */;
UNLOCK TABLES;

--
-- Table structure for table `tecnico`
--

DROP TABLE IF EXISTS `tecnico`;
/*!40101 SET @saved_cs_client     = @@character_set_client */;
/*!40101 SET character_set_client = utf8 */;
CREATE TABLE `tecnico` (
  `id` int(11) NOT NULL AUTO_INCREMENT,
  `nome` varchar(45) NOT NULL,
  `telefone` varchar(13) DEFAULT NULL,
  PRIMARY KEY (`id`)
) ENGINE=InnoDB AUTO_INCREMENT=2 DEFAULT CHARSET=utf8;
/*!40101 SET character_set_client = @saved_cs_client */;

--
-- Dumping data for table `tecnico`
--

LOCK TABLES `tecnico` WRITE;
/*!40000 ALTER TABLE `tecnico` DISABLE KEYS */;
INSERT INTO `tecnico` VALUES (1,'Douglas Braga de Alencar','99111306');
/*!40000 ALTER TABLE `tecnico` ENABLE KEYS */;
UNLOCK TABLES;

--
-- Table structure for table `unidade`
--

DROP TABLE IF EXISTS `unidade`;
/*!40101 SET @saved_cs_client     = @@character_set_client */;
/*!40101 SET character_set_client = utf8 */;
CREATE TABLE `unidade` (
  `id` int(11) NOT NULL AUTO_INCREMENT,
  `nome` varchar(45) NOT NULL,
  `telefone` varchar(13) DEFAULT NULL,
  `contato` varchar(45) DEFAULT NULL,
  PRIMARY KEY (`id`),
  UNIQUE KEY `nome_UNIQUE` (`nome`)
) ENGINE=InnoDB AUTO_INCREMENT=49 DEFAULT CHARSET=utf8;
/*!40101 SET character_set_client = @saved_cs_client */;

--
-- Dumping data for table `unidade`
--

LOCK TABLES `unidade` WRITE;
/*!40000 ALTER TABLE `unidade` DISABLE KEYS */;
INSERT INTO `unidade` VALUES (1,'CPA Norte',NULL,NULL),(2,'Seccional Norte',NULL,NULL),(3,'18ªDP',NULL,NULL),(4,'18ªCICOM',NULL,NULL),(5,'6ªDP',NULL,NULL),(6,'13ªDP',NULL,NULL),(7,'4ªDP',NULL,NULL),(8,'4ªCICOM',NULL,NULL),(10,'30ªDP',NULL,NULL),(11,'15ªCICOM',NULL,NULL),(12,'26ªCICOM',NULL,NULL),(13,'14ªDP',NULL,NULL),(14,'28ªDP',NULL,NULL),(15,'DECCM',NULL,NULL),(16,'DEAAI',NULL,NULL),(17,'7º CICOM',NULL,NULL),(18,'3º Dip',NULL,NULL),(19,'27º Sec. Norte',NULL,NULL),(20,'25º DP',NULL,NULL),(21,'27º CICOM',NULL,NULL),(22,'CPA Centro Sul',NULL,NULL),(23,'11º DP',NULL,NULL),(24,'CPA SUL',NULL,NULL),(25,'Planejamento - SSP',NULL,NULL),(26,'27º DP',NULL,NULL),(27,'29º CICOM',NULL,NULL),(28,'10º DP',NULL,NULL),(29,'3º CICOM',NULL,NULL),(30,'9º CICOM',NULL,NULL),(31,'SSP',NULL,NULL),(32,'6º CICOM',NULL,NULL),(33,'20º CICOM',NULL,NULL),(34,'12º DP',NULL,NULL),(35,'1º DP',NULL,NULL),(36,'DETEC/SSP',NULL,NULL),(37,'23º DP',NULL,NULL),(38,'20º DP',NULL,NULL),(39,'1º CICOM',NULL,NULL),(40,'10º CICOM',NULL,NULL),(41,'2º DP',NULL,NULL),(42,'7º DP',NULL,NULL),(43,'9º DIP',NULL,NULL),(44,'16º DP',NULL,NULL),(45,'21º CICOM',NULL,NULL),(46,'5º Dip',NULL,NULL),(47,'15º DP',NULL,NULL),(48,'26º DP',NULL,NULL);
/*!40000 ALTER TABLE `unidade` ENABLE KEYS */;
UNLOCK TABLES;
/*!40103 SET TIME_ZONE=@OLD_TIME_ZONE */;

/*!40101 SET SQL_MODE=@OLD_SQL_MODE */;
/*!40014 SET FOREIGN_KEY_CHECKS=@OLD_FOREIGN_KEY_CHECKS */;
/*!40014 SET UNIQUE_CHECKS=@OLD_UNIQUE_CHECKS */;
/*!40101 SET CHARACTER_SET_CLIENT=@OLD_CHARACTER_SET_CLIENT */;
/*!40101 SET CHARACTER_SET_RESULTS=@OLD_CHARACTER_SET_RESULTS */;
/*!40101 SET COLLATION_CONNECTION=@OLD_COLLATION_CONNECTION */;
/*!40111 SET SQL_NOTES=@OLD_SQL_NOTES */;

-- Dump completed on 2012-12-18 12:06:24
